<?xml version="1.0" encoding="UTF-8"?>
<beans:beans xmlns="http://www.springframework.org/schema/mvc"
	xmlns:xsi="http://www.w3.org/2001/XMLSchema-instance"
	xmlns:beans="http://www.springframework.org/schema/beans"
	xmlns:util="http://www.springframework.org/schema/util" 
	xmlns:jee="http://www.springframework.org/schema/jee"
	xmlns:context="http://www.springframework.org/schema/context"
	xsi:schemaLocation="http://www.springframework.org/schema/mvc http://www.springframework.org/schema/mvc/spring-mvc.xsd
		http://www.springframework.org/schema/beans http://www.springframework.org/schema/beans/spring-beans.xsd
		http://www.springframework.org/schema/context http://www.springframework.org/schema/context/spring-context.xsd
		http://www.springframework.org/schema/jee http://www.springframework.org/schema/jee/spring-jee-3.1.xsd
		http://www.springframework.org/schema/util http://www.springframework.org/schema/util/spring-util-3.1.xsd">

	<!-- DispatcherServlet Context: defines this servlet's request-processing infrastructure -->
	
	<!-- Enables the Spring MVC @Controller programming model -->
	<annotation-driven />

	<!-- Handles HTTP GET requests for /resources/** by efficiently serving up static resources in the ${webappRoot}/resources directory -->
	<resources mapping="/resources/**" location="/resources/" />

	<!-- Resolves views selected for rendering by @Controllers to .jsp resources in the /WEB-INF/views directory -->
	<beans:bean class="org.springframework.web.servlet.view.InternalResourceViewResolver">
		<beans:property name="prefix" value="/WEB-INF/views/" />
		<beans:property name="suffix" value=".jsp" />
	</beans:bean>
	
	<context:component-scan base-package="com.ecommerce.presentation" />
	
	<!-- JNDI Properties -->
	<util:properties id="jndiProps">
	    <!-- EJBClient configuration -->
		<!-- <beans:prop key="java.naming.factory.initial">org.jboss.naming.remote.client.InitialContextFactory</beans:prop> -->
		<beans:prop key="java.naming.factory.url.pkgs">org.jboss.ejb.client.naming</beans:prop> 
		<!--  <beans:prop key="java.naming.provider.url">http-remoting://localhost:8080</beans:prop>
		<beans:prop key="java.naming.client.ejb.context">true</beans:prop> -->
		
	</util:properties>


	<!-- EJB look up -->
	<!-- With EJBClient configuration of remote access use ejb: prefix for the jndi name -->
	<jee:remote-slsb id="userOP" jndi-name="ejb:ecommerce-EAR/ecommerce-application/UserManager!application.UserManagerRemote"
		environment-ref="jndiProps" resource-ref="false"
		business-interface="application.UserManagerRemote"
		lookup-home-on-startup="true"/>
	<jee:remote-slsb id="productOP" jndi-name="ejb:ecommerce-EAR/ecommerce-application/ProductManager!application.ProductManagerRemote" 
		environment-ref="jndiProps" resource-ref="false" 
		business-interface="application.ProductManagerRemote" 
		lookup-home-on-startup="true"/>
	
</beans:beans>